trace,fixture,config,waste,data_refs,gate_lookups,gate_admits,admit_rate,selector_lookups,selector_updates,pooled_updates,selector_lookups_per_ref,inserts,evictions,action_rate,strict_cov,strict_net_per_1k,ns_per_ref
awkhash,coarse,coarse/conditional-w0.05,0.050,4287416,4287416,935673,0.218237,5614038,5614013,25724433,1.3094,126692,0,0.021043,0.018684,-0.731,220.26
awkhash,coarse,coarse/cond-random-w0.05,0.050,4287416,4287416,929986,0.216911,929986,5579893,25724433,0.2169,126692,0,0.021034,0.009146,-0.895,212.84
awkhash,coarse,coarse/pooled-w0.05,0.050,4287416,4287416,935402,0.218174,0,0,25724433,0.0000,36080,0,0.027514,0.080603,0.008,175.77
awkhash,coarse,coarse/best-ev-w0.05,0.050,4287416,0,0,0.000000,0,0,0,0.0000,216480,0,0.080914,0.022339,-3.662,297.92
awkhash,h32,h32/conditional-w0.05,0.050,4287416,4287416,943770,0.220126,30200640,30200385,137196784,7.0440,525616,0,0.021270,0.026261,-0.613,680.47
awkhash,h32,h32/cond-random-w0.05,0.050,4287416,4287416,937856,0.218746,937856,30011162,137196784,0.2187,525616,0,0.020737,0.007292,-0.912,566.76
awkhash,h32,h32/pooled-w0.05,0.050,4287416,4287416,1013212,0.236322,0,0,137196784,0.0000,36080,0,0.021726,0.010982,-0.898,363.99
awkhash,h32,h32/best-ev-w0.05,0.050,4287416,0,0,0.000000,0,0,0,0.0000,1154422,144,0.213595,0.042485,-9.950,1476.91
awkhash,coarse,coarse/conditional-w0.25,0.250,4287416,4287416,871323,0.203228,5227938,5227938,25724433,1.2194,126692,0,0.007171,0.013817,-1.510,218.85
awkhash,coarse,coarse/cond-random-w0.25,0.250,4287416,4287416,871385,0.203242,871385,5228310,25724433,0.2032,126692,0,0.007103,0.006543,-1.642,206.04
awkhash,coarse,coarse/pooled-w0.25,0.250,4287416,4287416,862745,0.201227,0,0,25724433,0.0000,36080,0,0.009745,0.026600,-1.892,174.36
awkhash,coarse,coarse/best-ev-w0.25,0.250,4287416,0,0,0.000000,0,0,0,0.0000,216480,0,0.032481,0.018470,-7.743,294.44
awkhash,h32,h32/conditional-w0.25,0.250,4287416,4287416,871589,0.203290,27890848,27890848,137196784,6.5053,525616,0,0.007177,0.013639,-1.515,645.09
awkhash,h32,h32/cond-random-w0.25,0.250,4287416,4287416,874043,0.203862,874043,27969376,137196784,0.2039,525616,0,0.007039,0.005491,-1.648,541.73
awkhash,h32,h32/pooled-w0.25,0.250,4287416,4287416,893040,0.208293,0,0,137196784,0.0000,36080,0,0.008252,0.004172,-1.978,360.02
awkhash,h32,h32/best-ev-w0.25,0.250,4287416,0,0,0.000000,0,0,0,0.0000,1154422,144,0.102789,0.025762,-25.171,1435.13
awkhash,coarse,coarse/conditional-w1.00,1.000,4287416,4287416,849760,0.198199,5098560,5098560,25724433,1.1892,126692,0,0.001942,0.004261,-1.803,209.38
awkhash,coarse,coarse/cond-random-w1.00,1.000,4287416,4287416,850387,0.198345,850387,5102322,25724433,0.1983,126692,0,0.001926,0.002460,-1.845,196.22
awkhash,coarse,coarse/pooled-w1.00,1.000,4287416,4287416,834875,0.194727,0,0,25724433,0.0000,36080,0,0.002850,0.009556,-2.538,171.18
awkhash,coarse,coarse/best-ev-w1.00,1.000,4287416,0,0,0.000000,0,0,0,0.0000,216480,0,0.010490,0.013140,-10.060,286.81
awkhash,h32,h32/conditional-w1.00,1.000,4287416,4287416,850372,0.198341,27211904,27211904,137196784,6.3469,525616,0,0.001945,0.004421,-1.800,635.24
awkhash,h32,h32/cond-random-w1.00,1.000,4287416,4287416,851421,0.198586,851421,27245472,137196784,0.1986,525616,0,0.001926,0.002211,-1.854,546.09
awkhash,h32,h32/pooled-w1.00,1.000,4287416,4287416,844442,0.196958,0,0,137196784,0.0000,36080,0,0.002597,0.003191,-2.493,361.08
awkhash,h32,h32/best-ev-w1.00,1.000,4287416,0,0,0.000000,0,0,0,0.0000,1154422,144,0.039533,0.015636,-39.021,1446.03
awkhash,coarse,coarse/conditional-w4.00,4.000,4287416,4287416,849617,0.198165,5097702,5097702,25724433,1.1890,126692,0,0.001908,0.003209,-7.370,211.02
awkhash,coarse,coarse/cond-random-w4.00,4.000,4287416,4287416,850250,0.198313,850250,5101500,25724433,0.1983,126692,0,0.001896,0.001391,-7.469,200.22
awkhash,coarse,coarse/pooled-w4.00,4.000,4287416,4287416,834457,0.194629,0,0,25724433,0.0000,36080,0,0.002774,0.006721,-10.548,173.23
awkhash,coarse,coarse/best-ev-w4.00,4.000,4287416,0,0,0.000000,0,0,0,0.0000,216480,0,0.010416,0.009574,-40.880,287.11
awkhash,h32,h32/conditional-w4.00,4.000,4287416,4287416,850221,0.198306,27207072,27207072,137196784,6.3458,525616,0,0.001908,0.003209,-7.372,622.56
awkhash,h32,h32/cond-random-w4.00,4.000,4287416,4287416,851343,0.198568,851343,27242976,137196784,0.1986,525616,0,0.001898,0.001587,-7.462,532.40
awkhash,h32,h32/pooled-w4.00,4.000,4287416,4287416,844323,0.196931,0,0,137196784,0.0000,36080,0,0.002581,0.002567,-10.113,361.60
awkhash,h32,h32/best-ev-w4.00,4.000,4287416,0,0,0.000000,0,0,0,0.0000,1154422,144,0.039505,0.014120,-156.866,1488.37
gcc,coarse,coarse/conditional-w0.05,0.050,3961364,3961364,1249772,0.315490,7498632,7498614,23768121,1.8929,603729,0,0.070696,0.332506,0.107,215.97
gcc,coarse,coarse/cond-random-w0.05,0.050,3961364,3961364,1203858,0.303900,1203858,7223130,23768121,0.3039,603729,0,0.070832,0.189502,-1.466,197.95
gcc,coarse,coarse/pooled-w0.05,0.050,3961364,3961364,1124980,0.283988,0,0,23768121,0.0000,174934,0,0.099346,0.253910,-2.186,159.96
gcc,coarse,coarse/best-ev-w0.05,0.050,3961364,0,0,0.000000,0,0,0,0.0000,1049541,58,0.203187,0.397277,-5.808,264.14
gcc,h32,h32/conditional-w0.05,0.050,3961364,3961364,1254151,0.316596,40132832,40132684,126763120,10.1311,2458625,32244,0.069395,0.325942,0.100,737.11
gcc,h32,h32/cond-random-w0.05,0.050,3961364,3961364,1220979,0.308222,1220979,39071180,126763120,0.3082,2458625,32232,0.069645,0.128725,-2.072,629.48
gcc,h32,h32/pooled-w0.05,0.050,3961364,3961364,1327372,0.335080,0,0,126763120,0.0000,174934,0,0.077900,0.187233,-1.844,326.84
gcc,h32,h32/best-ev-w0.05,0.050,3961364,0,0,0.000000,0,0,0,0.0000,4082267,1589860,0.333843,0.419210,-12.101,1642.59
gcc,coarse,coarse/conditional-w0.25,0.250,3961364,3961364,1031542,0.260401,6189252,6189245,23768121,1.5624,603729,0,0.028162,0.279927,-3.391,208.13
gcc,coarse,coarse/cond-random-w0.25,0.250,3961364,3961364,1017852,0.256945,1017852,6107105,23768121,0.2569,603729,0,0.026792,0.135259,-4.934,198.04
gcc,coarse,coarse/pooled-w0.25,0.250,3961364,3961364,903384,0.228049,0,0,23768121,0.0000,174934,0,0.045881,0.198245,-8.885,166.12
gcc,coarse,coarse/best-ev-w0.25,0.250,3961364,0,0,0.000000,0,0,0,0.0000,1049541,58,0.101637,0.329753,-21.110,274.86
gcc,h32,h32/conditional-w0.25,0.250,3961364,3961364,1028068,0.259524,32898176,32898110,126763120,8.3048,2458625,31940,0.028574,0.300197,-3.230,711.08
gcc,h32,h32/cond-random-w0.25,0.250,3961364,3961364,1021766,0.257933,1021766,32696446,126763120,0.2579,2458625,31951,0.026085,0.077568,-5.510,642.05
gcc,h32,h32/pooled-w0.25,0.250,3961364,3961364,1004877,0.253669,0,0,126763120,0.0000,174934,0,0.037782,0.165633,-7.286,336.57
gcc,h32,h32/best-ev-w0.25,0.250,3961364,0,0,0.000000,0,0,0,0.0000,4082267,1589860,0.225383,0.349055,-51.795,1719.20
gcc,coarse,coarse/conditional-w1.00,1.000,3961364,3961364,942376,0.237892,5654256,5654251,23768121,1.4274,603729,0,0.009169,0.185358,-5.302,202.82
gcc,coarse,coarse/cond-random-w1.00,1.000,3961364,3961364,944175,0.238346,944175,5665045,23768121,0.2383,603729,0,0.008064,0.070489,-6.594,191.56
gcc,coarse,coarse/pooled-w1.00,1.000,3961364,3961364,788485,0.199044,0,0,23768121,0.0000,174934,0,0.017438,0.157707,-14.148,157.69
gcc,coarse,coarse/best-ev-w1.00,1.000,3961364,0,0,0.000000,0,0,0,0.0000,1049541,58,0.040305,0.286069,-34.337,258.46
gcc,h32,h32/conditional-w1.00,1.000,3961364,3961364,944845,0.238515,30235040,30234996,126763120,7.6325,2458623,31825,0.009196,0.185418,-5.328,630.43
gcc,h32,h32/cond-random-w1.00,1.000,3961364,3961364,946751,0.238996,946751,30295992,126763120,0.2390,2458623,31833,0.007925,0.045167,-6.982,599.45
gcc,h32,h32/pooled-w1.00,1.000,3961364,3961364,824671,0.208179,0,0,126763120,0.0000,174934,0,0.015094,0.127969,-12.425,338.06
gcc,h32,h32/best-ev-w1.00,1.000,3961364,0,0,0.000000,0,0,0,0.0000,4082267,1589860,0.114663,0.314960,-108.092,1517.45
gcc,coarse,coarse/conditional-w4.00,4.000,3961364,3961364,939291,0.237113,5635746,5635741,23768121,1.4227,603729,0,0.008439,0.127575,-27.103,198.22
gcc,coarse,coarse/cond-random-w4.00,4.000,3961364,3961364,940719,0.237474,940719,5644310,23768121,0.2375,603729,0,0.007687,0.038633,-28.735,191.93
gcc,coarse,coarse/pooled-w4.00,4.000,3961364,3961364,787477,0.198789,0,0,23768121,0.0000,174934,0,0.017209,0.144275,-61.313,159.75
gcc,coarse,coarse/best-ev-w4.00,4.000,3961364,0,0,0.000000,0,0,0,0.0000,1049541,58,0.039556,0.234458,-145.998,257.13
gcc,h32,h32/conditional-w4.00,4.000,3961364,3961364,941765,0.237738,30136480,30136436,126763120,7.6076,2458623,31825,0.008467,0.127636,-27.211,632.39
gcc,h32,h32/cond-random-w4.00,4.000,3961364,3961364,945303,0.238631,945303,30249656,126763120,0.2386,2458623,31830,0.007720,0.030585,-29.284,567.86
gcc,h32,h32/pooled-w4.00,4.000,3961364,3961364,824093,0.208033,0,0,126763120,0.0000,174934,0,0.015014,0.124157,-53.583,329.90
gcc,h32,h32/best-ev-w4.00,4.000,3961364,0,0,0.000000,0,0,0,0.0000,4082267,1589860,0.113909,0.258085,-442.175,1551.59
python,coarse,coarse/conditional-w0.05,0.050,4441310,4441310,2345347,0.528076,14072082,14072044,26647797,3.1685,1856890,4769,0.160354,0.266415,0.408,312.20
python,coarse,coarse/cond-random-w0.05,0.050,4441310,4441310,2160903,0.486546,2160903,12965381,26647797,0.4865,1856890,4769,0.162132,0.144775,-3.528,291.34
python,coarse,coarse/pooled-w0.05,0.050,4441310,4441310,2016177,0.453960,0,0,26647797,0.0000,474005,0,0.286246,0.264509,-5.947,197.13
python,coarse,coarse/best-ev-w0.05,0.050,4441310,0,0,0.000000,0,0,0,0.0000,2776257,71846,0.332531,0.319629,-6.518,336.94
python,h32,h32/conditional-w0.05,0.050,4441310,4441310,2231067,0.502344,71394144,71393794,142121392,16.0750,4190336,5944840,0.155616,0.246830,0.026,1295.77
python,h32,h32/cond-random-w0.05,0.050,4441310,4441310,2202668,0.495950,2202668,70485026,142121392,0.4960,4190338,5945418,0.155286,0.149466,-3.037,1163.34
python,h32,h32/pooled-w0.05,0.050,4441310,4441310,2289837,0.515577,0,0,142121392,0.0000,474005,0,0.208489,0.232880,-3.059,404.78
python,h32,h32/best-ev-w0.05,0.050,4441310,0,0,0.000000,0,0,0,0.0000,4194303,15728054,0.375368,0.317769,-8.718,1800.06
python,coarse,coarse/conditional-w0.25,0.250,4441310,4441310,1743105,0.392475,10458630,10458602,26647797,2.3549,1856890,4767,0.069114,0.152961,-11.519,279.82
python,coarse,coarse/cond-random-w0.25,0.250,4441310,4441310,1739686,0.391706,1739686,10438088,26647797,0.3917,1856890,4767,0.068420,0.098747,-13.387,267.00
python,coarse,coarse/pooled-w0.25,0.250,4441310,4441310,1439922,0.324211,0,0,26647797,0.0000,474005,0,0.156099,0.227563,-30.457,194.64
python,coarse,coarse/best-ev-w0.25,0.250,4441310,0,0,0.000000,0,0,0,0.0000,2776257,71846,0.217937,0.273245,-44.196,329.98
python,h32,h32/conditional-w0.25,0.250,4441310,4441310,1735951,0.390865,55550432,55550175,142121392,12.5077,4190338,5870474,0.068525,0.142748,-11.757,1078.58
python,h32,h32/cond-random-w0.25,0.250,4441310,4441310,1758766,0.396002,1758766,56280255,142121392,0.3960,4190338,5886415,0.065518,0.090272,-12.981,965.09
python,h32,h32/pooled-w0.25,0.250,4441310,4441310,1689392,0.380381,0,0,142121392,0.0000,474005,0,0.119218,0.195364,-22.449,392.02
python,h32,h32/best-ev-w0.25,0.250,4441310,0,0,0.000000,0,0,0,0.0000,4194303,15728054,0.329383,0.287196,-71.532,1778.20
python,coarse,coarse/conditional-w1.00,1.000,4441310,4441310,1518181,0.341832,9109086,9109072,26647797,2.0510,1856889,4762,0.020310,0.045187,-17.588,275.24
python,coarse,coarse/cond-random-w1.00,1.000,4441310,4441310,1526142,0.343624,1526142,9156838,26647797,0.3436,1856889,4763,0.020359,0.026107,-18.786,259.73
python,coarse,coarse/pooled-w1.00,1.000,4441310,4441310,1014808,0.228493,0,0,26647797,0.0000,474005,0,0.059473,0.115660,-52.506,189.82
python,coarse,coarse/best-ev-w1.00,1.000,4441310,0,0,0.000000,0,0,0,0.0000,2776257,71846,0.101849,0.186234,-90.630,328.24
python,h32,h32/conditional-w1.00,1.000,4441310,4441310,1522344,0.342769,48715008,48714881,142121392,10.9686,4190332,5741453,0.020232,0.043001,-17.641,986.75
python,h32,h32/cond-random-w1.00,1.000,4441310,4441310,1546555,0.348220,1546555,49489633,142121392,0.3482,4190332,5767779,0.020331,0.037039,-18.100,890.60
python,h32,h32/pooled-w1.00,1.000,4441310,4441310,1163137,0.261891,0,0,142121392,0.0000,474005,0,0.050888,0.111782,-44.154,390.35
python,h32,h32/best-ev-w1.00,1.000,4441310,0,0,0.000000,0,0,0,0.0000,4194303,15728054,0.232676,0.248699,-217.694,1798.92
python,coarse,coarse/conditional-w4.00,4.000,4441310,4441310,1515561,0.341242,9093366,9093352,26647797,2.0475,1856889,4762,0.019659,0.031723,-73.859,264.65
python,coarse,coarse/cond-random-w4.00,4.000,4441310,4441310,1522185,0.342733,1522185,9133096,26647797,0.3427,1856890,4763,0.019704,0.014913,-76.569,252.22
python,coarse,coarse/pooled-w4.00,4.000,4441310,4441310,1008668,0.227110,0,0,26647797,0.0000,474005,0,0.057995,0.085824,-219.053,193.97
python,coarse,coarse/best-ev-w4.00,4.000,4441310,0,0,0.000000,0,0,0,0.0000,2776257,71846,0.099172,0.128872,-377.278,323.80
python,h32,h32/conditional-w4.00,4.000,4441310,4441310,1520060,0.342255,48641920,48641793,142121392,10.9522,4190332,5741028,0.019647,0.031863,-73.787,962.57
python,h32,h32/cond-random-w4.00,4.000,4441310,4441310,1539026,0.346525,1539026,49248705,142121392,0.3465,4190333,5766688,0.019220,0.015259,-74.580,895.49
python,h32,h32/pooled-w4.00,4.000,4441310,4441310,1150475,0.259040,0,0,142121392,0.0000,474005,0,0.049081,0.068865,-185.952,408.60
python,h32,h32/best-ev-w4.00,4.000,4441310,0,0,0.000000,0,0,0,0.0000,4194303,15728054,0.230149,0.189421,-892.069,1744.06
sort,coarse,coarse/conditional-w0.05,0.050,3763179,3763179,730651,0.194158,4383906,4383906,22579011,1.1649,62385,0,0.000873,0.005090,0.009,121.40
sort,coarse,coarse/cond-random-w0.05,0.050,3763179,3763179,730334,0.194074,730334,4382004,22579011,0.1941,62385,0,0.000832,0.001483,-0.026,118.23
sort,coarse,coarse/pooled-w0.05,0.050,3763179,3763179,729967,0.193976,0,0,22579011,0.0000,23259,0,0.000798,0.000000,-0.040,100.95
sort,coarse,coarse/best-ev-w0.05,0.050,3763179,0,0,0.000000,0,0,0,0.0000,139554,0,0.004452,0.004786,-0.173,145.56
sort,h32,h32/conditional-w0.05,0.050,3763179,3763179,765816,0.203502,24506112,24506112,120421200,6.5121,238011,0,0.012259,0.582364,5.413,423.84
sort,h32,h32/cond-random-w0.05,0.050,3763179,3763179,730976,0.194244,730976,23391232,120421200,0.1942,238011,0,0.000798,0.000101,-0.039,354.57
sort,h32,h32/pooled-w0.05,0.050,3763179,3763179,767769,0.204021,0,0,120421200,0.0000,23259,0,0.012269,0.582600,5.415,254.64
sort,h32,h32/best-ev-w0.05,0.050,3763179,0,0,0.000000,0,0,0,0.0000,744282,6,0.038994,0.999427,8.391,955.51
sort,coarse,coarse/conditional-w0.25,0.250,3763179,3763179,728133,0.193489,4368798,4368798,22579011,1.1609,62385,0,0.000227,0.000000,-0.057,116.15
sort,coarse,coarse/cond-random-w0.25,0.250,3763179,3763179,728090,0.193477,728090,4368540,22579011,0.1935,62385,0,0.000230,0.000034,-0.057,110.59
sort,coarse,coarse/pooled-w0.25,0.250,3763179,3763179,728045,0.193465,0,0,22579011,0.0000,23259,0,0.000232,0.000000,-0.058,101.24
sort,coarse,coarse/best-ev-w0.25,0.250,3763179,0,0,0.000000,0,0,0,0.0000,139554,0,0.001393,0.002292,-0.320,145.54
sort,h32,h32/conditional-w0.25,0.250,3763179,3763179,728725,0.193646,23319200,23319200,120421200,6.1967,238011,0,0.000228,0.000000,-0.057,419.16
sort,h32,h32/cond-random-w0.25,0.250,3763179,3763179,728741,0.193650,728741,23319712,120421200,0.1937,238011,0,0.000230,0.000034,-0.057,362.39
sort,h32,h32/pooled-w0.25,0.250,3763179,3763179,763913,0.202997,0,0,120421200,0.0000,23259,0,0.011712,0.582600,4.249,259.31
sort,h32,h32/best-ev-w0.25,0.250,3763179,0,0,0.000000,0,0,0,0.0000,744282,6,0.018554,0.623791,3.045,961.43
sort,coarse,coarse/conditional-w1.00,1.000,3763179,3763179,727560,0.193337,4365360,4365360,22579011,1.1600,62385,0,0.000058,0.000000,-0.058,117.29
sort,coarse,coarse/cond-random-w1.00,1.000,3763179,3763179,727501,0.193321,727501,4365006,22579011,0.1933,62385,0,0.000058,0.000000,-0.058,109.66
sort,coarse,coarse/pooled-w1.00,1.000,3763179,3763179,727471,0.193313,0,0,22579011,0.0000,23259,0,0.000060,0.000000,-0.060,99.43
sort,coarse,coarse/best-ev-w1.00,1.000,3763179,0,0,0.000000,0,0,0,0.0000,139554,0,0.000354,0.000472,-0.345,144.75
sort,h32,h32/conditional-w1.00,1.000,3763179,3763179,728112,0.193483,23299584,23299584,120421200,6.1915,238011,0,0.000058,0.000000,-0.058,420.40
sort,h32,h32/cond-random-w1.00,1.000,3763179,3763179,728078,0.193474,728078,23298496,120421200,0.1935,238011,0,0.000059,0.000000,-0.059,361.02
sort,h32,h32/pooled-w1.00,1.000,3763179,3763179,728226,0.193514,0,0,120421200,0.0000,23259,0,0.000071,0.000607,-0.059,254.88
sort,h32,h32/best-ev-w1.00,1.000,3763179,0,0,0.000000,0,0,0,0.0000,744282,6,0.001823,0.000843,-1.806,943.47
sort,coarse,coarse/conditional-w4.00,4.000,3763179,3763179,727560,0.193337,4365360,4365360,22579011,1.1600,62385,0,0.000058,0.000000,-0.233,116.70
sort,coarse,coarse/cond-random-w4.00,4.000,3763179,3763179,727501,0.193321,727501,4365006,22579011,0.1933,62385,0,0.000058,0.000000,-0.233,109.17
sort,coarse,coarse/pooled-w4.00,4.000,3763179,3763179,727471,0.193313,0,0,22579011,0.0000,23259,0,0.000060,0.000000,-0.240,100.63
sort,coarse,coarse/best-ev-w4.00,4.000,3763179,0,0,0.000000,0,0,0,0.0000,139554,0,0.000346,0.000067,-1.382,146.00
sort,h32,h32/conditional-w4.00,4.000,3763179,3763179,728112,0.193483,23299584,23299584,120421200,6.1915,238011,0,0.000058,0.000000,-0.233,423.04
sort,h32,h32/cond-random-w4.00,4.000,3763179,3763179,728078,0.193474,728078,23298496,120421200,0.1935,238011,0,0.000059,0.000000,-0.238,353.22
sort,h32,h32/pooled-w4.00,4.000,3763179,3763179,728193,0.193505,0,0,120421200,0.0000,23259,0,0.000060,0.000034,-0.240,254.75
sort,h32,h32/best-ev-w4.00,4.000,3763179,0,0,0.000000,0,0,0,0.0000,744282,6,0.001810,0.000371,-7.223,944.13
tsort,coarse,coarse/conditional-w0.05,0.050,3960537,3960537,950319,0.239947,5701914,5701912,23763159,1.4397,139695,0,0.041189,0.338404,8.867,199.76
tsort,coarse,coarse/cond-random-w0.05,0.050,3960537,3960537,915460,0.231145,915460,5492758,23763159,0.2311,139695,0,0.028103,0.047912,0.142,186.71
tsort,coarse,coarse/pooled-w0.05,0.050,3960537,3960537,916568,0.231425,0,0,23763159,0.0000,35949,0,0.043693,0.178532,3.580,154.84
tsort,coarse,coarse/best-ev-w0.05,0.050,3960537,0,0,0.000000,0,0,0,0.0000,215694,0,0.110864,0.446689,8.879,259.98
tsort,h32,h32/conditional-w0.05,0.050,3960537,3960537,962124,0.242928,30787968,30787951,126736656,7.7737,593996,1,0.043211,0.366568,9.675,628.21
tsort,h32,h32/cond-random-w0.05,0.050,3960537,3960537,897582,0.226631,897582,28722607,126736656,0.2266,593996,1,0.026340,0.008878,-1.030,529.21
tsort,h32,h32/pooled-w0.05,0.050,3960537,3960537,990047,0.249978,0,0,126736656,0.0000,35949,0,0.036241,0.210473,4.984,333.26
tsort,h32,h32/best-ev-w0.05,0.050,3960537,0,0,0.000000,0,0,0,0.0000,1150224,153,0.211132,0.472852,4.710,1385.19
tsort,coarse,coarse/conditional-w0.25,0.250,3960537,3960537,861839,0.217607,5171034,5171034,23763159,1.3056,139695,0,0.018656,0.256589,5.199,208.20
tsort,coarse,coarse/cond-random-w0.25,0.250,3960537,3960537,849396,0.214465,849396,5096376,23763159,0.2145,139695,0,0.010156,0.037864,-1.084,191.76
tsort,coarse,coarse/pooled-w0.25,0.250,3960537,3960537,829293,0.209389,0,0,23763159,0.0000,35949,0,0.019156,0.096348,-1.086,156.49
tsort,coarse,coarse/best-ev-w0.25,0.250,3960537,0,0,0.000000,0,0,0,0.0000,215694,0,0.051901,0.314365,-0.892,280.59
tsort,h32,h32/conditional-w0.25,0.250,3960537,3960537,849363,0.214457,27179616,27179616,126736656,6.8626,593996,1,0.016804,0.226495,4.505,627.73
tsort,h32,h32/cond-random-w0.25,0.250,3960537,3960537,826758,0.208749,826758,26456247,126736656,0.2087,593996,1,0.008769,0.001909,-2.119,524.86
tsort,h32,h32/pooled-w0.25,0.250,3960537,3960537,869807,0.219618,0,0,126736656,0.0000,35949,0,0.020598,0.208256,2.855,342.19
tsort,h32,h32/best-ev-w0.25,0.250,3960537,0,0,0.000000,0,0,0,0.0000,1150224,153,0.121812,0.412304,-14.605,1384.82
tsort,coarse,coarse/conditional-w1.00,1.000,3960537,3960537,808154,0.204052,4848924,4848924,23763159,1.2243,139695,0,0.004691,0.071653,-0.285,186.33
tsort,coarse,coarse/cond-random-w1.00,1.000,3960537,3960537,801364,0.202337,801364,4808184,23763159,0.2023,139695,0,0.002375,0.000370,-2.353,177.96
tsort,coarse,coarse/pooled-w1.00,1.000,3960537,3960537,778004,0.196439,0,0,23763159,0.0000,35949,0,0.004310,0.003069,-4.122,150.72
tsort,coarse,coarse/best-ev-w1.00,1.000,3960537,0,0,0.000000,0,0,0,0.0000,215694,0,0.022024,0.243606,-7.042,256.11
tsort,h32,h32/conditional-w1.00,1.000,3960537,3960537,808597,0.204163,25875104,25875104,126736656,6.5332,593996,1,0.004692,0.071653,-0.285,593.65
tsort,h32,h32/cond-random-w1.00,1.000,3960537,3960537,802373,0.202592,802373,25675936,126736656,0.2026,593996,1,0.002395,0.000380,-2.371,500.00
tsort,h32,h32/pooled-w1.00,1.000,3960537,3960537,802013,0.202501,0,0,126736656,0.0000,35949,0,0.008679,0.137219,-0.240,334.76
tsort,h32,h32/best-ev-w1.00,1.000,3960537,0,0,0.000000,0,0,0,0.0000,1150224,153,0.052876,0.220819,-39.295,1417.25
tsort,coarse,coarse/conditional-w4.00,4.000,3960537,3960537,807892,0.203985,4847352,4847352,23763159,1.2239,139695,0,0.004609,0.070206,-7.640,190.29
tsort,coarse,coarse/cond-random-w4.00,4.000,3960537,3960537,801323,0.202327,801323,4807938,23763159,0.2023,139695,0,0.002367,0.000380,-9.410,179.94
tsort,coarse,coarse/pooled-w4.00,4.000,3960537,3960537,777718,0.196367,0,0,23763159,0.0000,35949,0,0.004222,0.001160,-16.710,153.23
tsort,coarse,coarse/best-ev-w4.00,4.000,3960537,0,0,0.000000,0,0,0,0.0000,215694,0,0.015267,0.073932,-49.702,263.74
tsort,h32,h32/conditional-w4.00,4.000,3960537,3960537,808335,0.204097,25866720,25866720,126736656,6.5311,593996,1,0.004609,0.070206,-7.642,600.77
tsort,h32,h32/cond-random-w4.00,4.000,3960537,3960537,802354,0.202587,802354,25675328,126736656,0.2026,593996,1,0.002378,0.000400,-9.452,513.57
tsort,h32,h32/pooled-w4.00,4.000,3960537,3960537,787230,0.198769,0,0,126736656,0.0000,35949,0,0.004014,0.001334,-15.849,336.34
tsort,h32,h32/best-ev-w4.00,4.000,3960537,0,0,0.000000,0,0,0,0.0000,1150224,153,0.047914,0.080695,-179.248,1355.90
xz,coarse,coarse/conditional-w0.05,0.050,4466693,4466693,1102769,0.246887,6616614,6616603,26800095,1.4813,194226,0,0.043872,0.013382,-2.031,246.09
xz,coarse,coarse/cond-random-w0.05,0.050,4466693,4466693,1094822,0.245108,1094822,6568921,26800095,0.2451,194226,0,0.044059,0.011019,-2.069,240.06
xz,coarse,coarse/pooled-w0.05,0.050,4466693,4466693,1083845,0.242650,0,0,26800095,0.0000,46368,0,0.050565,0.012466,-2.376,189.41
xz,coarse,coarse/best-ev-w0.05,0.050,4466693,0,0,0.000000,0,0,0,0.0000,278208,0,0.165808,0.015528,-8.101,326.36
xz,h32,h32/conditional-w0.05,0.050,4466693,4466693,1117728,0.250236,35767296,35767194,142933648,8.0076,842164,14,0.043525,0.014491,-2.000,826.87
xz,h32,h32/cond-random-w0.05,0.050,4466693,4466693,1108215,0.248106,1108215,35462778,142933648,0.2481,842164,14,0.043735,0.010561,-2.058,717.48
xz,h32,h32/pooled-w0.05,0.050,4466693,4466693,1189598,0.266326,0,0,142933648,0.0000,46368,0,0.046376,0.012683,-2.164,372.42
xz,h32,h32/best-ev-w0.05,0.050,4466693,0,0,0.000000,0,0,0,0.0000,1482944,897,0.326425,0.017650,-16.106,1977.06
xz,coarse,coarse/conditional-w0.25,0.250,4466693,4466693,964700,0.215976,5788200,5788198,26800095,1.2959,194226,0,0.014381,0.012369,-3.416,227.09
xz,coarse,coarse/cond-random-w0.25,0.250,4466693,4466693,965626,0.216184,965626,5793754,26800095,0.2162,194226,0,0.014370,0.010151,-3.445,216.76
xz,coarse,coarse/pooled-w0.25,0.250,4466693,4466693,936037,0.209559,0,0,26800095,0.0000,46368,0,0.018441,0.012466,-4.430,180.53
xz,coarse,coarse/best-ev-w0.25,0.250,4466693,0,0,0.000000,0,0,0,0.0000,278208,0,0.068907,0.014226,-17.020,306.87
xz,h32,h32/conditional-w0.25,0.250,4466693,4466693,964735,0.215984,30871520,30871496,142933648,6.9115,842164,14,0.014395,0.012587,-3.416,702.40
xz,h32,h32/cond-random-w0.25,0.250,4466693,4466693,969830,0.217125,969830,31034536,142933648,0.2171,842164,14,0.014388,0.009862,-3.454,613.67
xz,h32,h32/pooled-w0.25,0.250,4466693,4466693,977234,0.218782,0,0,142933648,0.0000,46368,0,0.017482,0.012152,-4.194,357.69
xz,h32,h32/best-ev-w0.25,0.250,4466693,0,0,0.000000,0,0,0,0.0000,1482944,897,0.196537,0.016734,-48.891,1665.45
xz,coarse,coarse/conditional-w1.00,1.000,4466693,4466693,919530,0.205864,5517180,5517180,26800095,1.2352,194226,0,0.003826,0.005546,-3.697,220.61
xz,coarse,coarse/cond-random-w1.00,1.000,4466693,4466693,921961,0.206408,921961,5531766,26800095,0.2064,194226,0,0.003913,0.009548,-3.691,221.21
xz,coarse,coarse/pooled-w1.00,1.000,4466693,4466693,878460,0.196669,0,0,26800095,0.0000,46368,0,0.005472,0.012466,-5.183,183.70
xz,coarse,coarse/best-ev-w1.00,1.000,4466693,0,0,0.000000,0,0,0,0.0000,278208,0,0.021546,0.012587,-21.254,321.86
xz,h32,h32/conditional-w1.00,1.000,4466693,4466693,920314,0.206039,29450048,29450048,142933648,6.5933,842164,14,0.003827,0.005546,-3.698,718.41
xz,h32,h32/cond-random-w1.00,1.000,4466693,4466693,923438,0.206739,923438,29550016,142933648,0.2067,842164,14,0.003897,0.007234,-3.729,575.75
xz,h32,h32/pooled-w1.00,1.000,4466693,4466693,889983,0.199249,0,0,142933648,0.0000,46368,0,0.005330,0.012128,-5.049,362.66
xz,h32,h32/best-ev-w1.00,1.000,4466693,0,0,0.000000,0,0,0,0.0000,1482944,897,0.083949,0.014515,-83.612,1661.57
xz,coarse,coarse/conditional-w4.00,4.000,4466693,4466693,919527,0.205863,5517162,5517162,26800095,1.2352,194226,0,0.003825,0.005546,-14.978,224.10
xz,coarse,coarse/cond-random-w4.00,4.000,4466693,4466693,921731,0.206356,921731,5530386,26800095,0.2064,194226,0,0.003884,0.007258,-15.114,209.58
xz,coarse,coarse/pooled-w4.00,4.000,4466693,4466693,878460,0.196669,0,0,26800095,0.0000,46368,0,0.005472,0.012466,-21.166,178.23
xz,coarse,coarse/best-ev-w4.00,4.000,4466693,0,0,0.000000,0,0,0,0.0000,278208,0,0.021535,0.012080,-85.440,298.97
xz,h32,h32/conditional-w4.00,4.000,4466693,4466693,920311,0.206039,29449952,29449952,142933648,6.5932,842164,14,0.003826,0.005546,-14.983,684.17
xz,h32,h32/cond-random-w4.00,4.000,4466693,4466693,922695,0.206572,922695,29526240,142933648,0.2066,842164,14,0.003840,0.002942,-15.187,587.30
xz,h32,h32/pooled-w4.00,4.000,4466693,4466693,889983,0.199249,0,0,142933648,0.0000,46368,0,0.005330,0.012128,-20.617,356.79
xz,h32,h32/best-ev-w4.00,4.000,4466693,0,0,0.000000,0,0,0,0.0000,1482944,897,0.083945,0.014323,-334.949,1639.16
