trace,n,miss_rate,h,recur,miss_lift,top1_mass,top1_delta,top1_miss,top1nz_mass,top1nz_delta,top1nz_miss,missdelta_top1,missdelta_delta
gcc,3169092,0.01043043,1,0.40476452,4.868054,0.40476452,0,0.00000000,0.05232603,1,0.33876872,0.33433170,1
gcc,3169092,0.01043043,2,0.28551224,17.790628,0.28551224,0,0.00000000,0.07508591,1,0.30476479,0.17834992,2
gcc,3169092,0.01043043,3,0.22916673,5.306977,0.22916673,0,0.00000000,0.07689905,1,0.16911209,0.10459276,3
gcc,3169092,0.01043043,4,0.18474211,15.162791,0.18474211,0,0.00000000,0.08026915,1,0.12911814,0.05188950,4
gcc,3169092,0.01043043,5,0.14665860,3.990208,0.14665860,0,0.00000000,0.08281373,1,0.06649524,0.04741301,5
gcc,3169092,0.01043043,6,0.14451990,15.191293,0.14451990,0,0.00000000,0.07705439,1,0.02553320,0.04478199,6
gcc,3169092,0.01043043,7,0.10944985,3.693793,0.10944985,0,0.00000000,0.07255467,1,0.03043412,0.04081941,7
gcc,3169092,0.01043043,8,0.13907867,10.351740,0.13907867,0,0.00000000,0.07043297,1,0.02650129,0.03909583,8
gcc,3169092,0.01043043,9,0.12167806,3.499983,0.12167806,0,0.00000000,0.06640215,1,0.02008773,0.03682745,-9
gcc,3169092,0.01043043,10,0.11484146,9.582200,0.11484146,0,0.00000000,0.06131618,1,0.02123733,0.04212438,4
gcc,3169092,0.01043043,11,0.09791795,3.733695,0.09791795,0,0.00000000,0.05694078,1,0.01700197,0.03682968,-11
gcc,3169092,0.01043043,12,0.11571750,8.955167,0.11571750,0,0.00000000,0.05633054,1,0.01809106,0.03677027,-12
gcc,3169092,0.01043043,13,0.08629760,3.163665,0.08629760,0,0.00000000,0.05858861,1,0.01343216,0.03658979,-13
gcc,3169092,0.01043043,14,0.09102080,9.582200,0.09102080,0,0.00000000,0.06028694,1,0.01361367,0.03665143,-14
gcc,3169092,0.01043043,15,0.09862364,3.061060,0.09862364,0,0.00000000,0.06317042,1,0.01325064,0.03677361,-15
gcc,3169092,0.01043043,16,0.11960521,9.736108,0.11960521,0,0.00000000,0.05892822,1,0.01948268,0.03659312,-16
gcc,3169092,0.01043043,17,0.08860248,3.004057,0.08860248,0,0.00000000,0.04942324,1,0.01022538,0.03656396,-17
gcc,3169092,0.01043043,18,0.11725192,8.795559,0.11725192,0,0.00000000,0.05227268,1,0.01155650,0.03659533,-18
gcc,3169092,0.01043043,19,0.08474337,3.482882,0.08474337,0,0.00000000,0.05132414,1,0.01070942,0.03638455,-19
gcc,3169092,0.01043043,20,0.10345615,9.000770,0.10345615,0,0.00000000,0.04766064,1,0.01325064,0.03632511,-20
gcc,3169092,0.01043043,21,0.09904414,2.696241,0.09904414,0,0.00000000,0.04808663,1,0.00962033,0.03635648,-21
gcc,3169092,0.01043043,22,0.09393734,8.920965,0.09393734,0,0.00000000,0.04712550,1,0.00992286,0.03650895,-22
gcc,3169092,0.01043043,23,0.09195821,2.998356,0.09195821,0,0.00000000,0.05693784,1,0.00931780,0.03651005,-23
gcc,3169092,0.01043043,24,0.14160693,9.034971,0.14160693,0,0.00000000,0.05332356,1,0.01597338,0.03623868,-24
gcc,3169092,0.01043043,25,0.08735376,2.918552,0.08735376,0,0.00000000,0.05073227,1,0.01125397,0.03636088,-25
gcc,3169092,0.01043043,26,0.08911711,8.533345,0.08911711,0,0.00000000,0.05405504,1,0.01034639,0.03633171,-26
gcc,3169092,0.01043043,27,0.09634132,3.323273,0.09634132,0,0.00000000,0.05498844,1,0.06316745,0.03590893,-27
gcc,3169092,0.01043043,28,0.08155910,13.104984,0.08155910,0,0.00000000,0.05130221,1,0.06129179,0.03603113,-28
gcc,3169092,0.01043043,29,0.07862637,3.237769,0.07862637,0,0.00000000,0.04452482,1,0.01064892,0.03569915,-29
gcc,3169092,0.01043043,30,0.10705313,8.789859,0.10705313,0,0.00000000,0.04374733,1,0.02172137,0.03570023,-30
gcc,3169092,0.01043043,31,0.07450406,3.420178,0.07450406,0,0.00000000,0.03935991,1,0.01246408,0.03573159,-31
gcc,3169092,0.01043043,32,0.11010268,13.515405,0.11010268,0,0.00000000,0.03717064,-1,0.00042354,0.03567211,-32
xz,3573355,0.01160618,1,0.35689495,2.528548,0.35689495,0,0.00000000,0.06600242,1,0.02449787,0.01584201,1
xz,3573355,0.01160618,2,0.35360169,11.781958,0.35360169,0,0.00000000,0.07930700,1,0.00795698,0.01171903,2
xz,3573355,0.01160618,3,0.23951013,0.475913,0.23951013,0,0.00000000,0.08674824,1,0.01273117,0.01116470,3
xz,3573355,0.01160618,4,0.24329705,21.010537,0.24329705,0,0.00000000,0.08828405,1,0.00593157,0.01077914,4
xz,3573355,0.01160618,5,0.18996012,1.092531,0.18996012,0,0.00000000,0.07381645,-1,0.00009645,0.01056236,5
xz,3573355,0.01160618,6,0.18967412,2.958939,0.18967412,0,0.00000000,0.07665020,-1,0.00004822,0.01024911,6
xz,3573355,0.01160618,7,0.18556267,2.040220,0.18556267,0,0.00000000,0.07829688,-1,0.00004822,0.01010466,7
xz,3573355,0.01160618,8,0.16678308,0.591788,0.16678308,0,0.00000000,0.08886960,-1,0.00000000,0.00988786,8
xz,3573355,0.01160618,9,0.18786706,0.182089,0.18786706,0,0.00000000,0.08091128,-1,0.00000000,0.00983986,9
xz,3573355,0.01160618,10,0.21351753,4.634982,0.21351753,0,0.00000000,0.08512694,-1,0.00000000,0.00957480,10
xz,3573355,0.01160618,11,0.19956209,1.920207,0.19956209,0,0.00000000,0.06639383,1,0.00000000,0.00952680,11
xz,3573355,0.01160618,12,0.29739034,0.604203,0.29739034,0,0.00000000,0.05446719,1,0.00327924,0.00943055,12
xz,3573355,0.01160618,13,0.20724353,0.248303,0.20724353,0,0.00000000,0.07896921,1,0.00014467,0.00923782,13
xz,3573355,0.01160618,14,0.27649634,3.186550,0.27649634,0,0.00000000,0.08077648,1,0.00356859,0.00921392,14
xz,3573355,0.01160618,15,0.19056681,0.310378,0.19056681,0,0.00000000,0.07565359,1,0.00009645,0.00897294,15
xz,3573355,0.01160618,16,0.19365524,0.761461,0.19365524,0,0.00000000,0.07865806,1,0.00000000,0.00885255,16
xz,3573355,0.01160618,17,0.15868524,0.070352,0.15868524,0,0.00000000,0.06466951,1,0.00000000,0.00870803,17
xz,3573355,0.01160618,18,0.17484044,0.409699,0.17484044,0,0.00000000,0.05496877,1,0.00067514,0.00849113,18
xz,3573355,0.01160618,19,0.16812637,0.062076,0.16812637,0,0.00000000,0.04820593,1,0.00033757,0.00858783,19
xz,3573355,0.01160618,20,0.16623738,0.177950,0.16623738,0,0.00000000,0.05962831,1,0.00072336,0.00841917,20
xz,3573355,0.01160618,21,0.15653505,0.467637,0.15653505,0,0.00000000,0.05439178,1,0.00028934,0.00829876,21
xz,3573355,0.01160618,22,0.17003168,0.674555,0.17003168,0,0.00000000,0.05887275,-1,0.00000000,0.00803358,22
xz,3573355,0.01160618,23,0.16775771,0.417976,0.16775771,0,0.00000000,0.05178472,-1,0.00000000,0.00798552,23
xz,3573355,0.01160618,24,0.20866799,0.980795,0.20866799,0,0.00000000,0.05322203,-1,0.00000000,0.00784096,24
xz,3573355,0.01160618,25,0.17522087,5.988231,0.17522087,0,0.00000000,0.04807449,1,0.00033757,0.00767226,25
xz,3573355,0.01160618,26,0.22777409,1.866408,0.22777409,0,0.00000000,0.05305975,1,0.00313457,0.00764832,26
xz,3573355,0.01160618,27,0.18174766,11.972323,0.18174766,0,0.00000000,0.05103814,1,0.00665493,0.00752787,27
xz,3573355,0.01160618,28,0.18663106,1.075978,0.18663106,0,0.00000000,0.06890104,1,0.00332747,0.00738328,28
xz,3573355,0.01160618,29,0.15644193,6.608987,0.15644193,0,0.00000000,0.05587120,1,0.00062691,0.00721455,29
xz,3573355,0.01160618,30,0.15274789,0.500744,0.15274789,0,0.00000000,0.06396841,1,0.00062691,0.00721473,30
xz,3573355,0.01160618,31,0.15037931,0.500744,0.15037931,0,0.00000000,0.05173670,1,0.00110916,0.00697360,31
xz,3573355,0.01160618,32,0.14519142,0.989072,0.14519142,0,0.00000000,0.05417533,1,0.00183252,0.00694964,32
sort,3010544,0.00985437,1,0.05740823,0.000000,0.05740823,0,0.00000000,0.02296396,-2146169098,0.00000000,0.16520596,-1
sort,3010544,0.00985437,2,0.54074250,19.944924,0.54074250,0,0.00000000,0.08053899,-1,0.00000000,0.41739424,-1
sort,3010544,0.00985437,3,0.05734914,0.000000,0.05734914,0,0.00000000,0.01437548,-1033796,0.00000000,0.33043420,-2
sort,3010544,0.00985437,4,0.51308005,1.270767,0.51308005,0,0.00000000,0.07349246,-1,0.00000000,0.25216600,-2
sort,3010544,0.00985437,5,0.00000000,0.000000,0.03444432,-2146169099,0.00000000,0.03444432,-2146169099,0.00000000,0.49147057,-3
sort,3010544,0.00985437,6,0.43295517,0.000000,0.43295517,0,0.00000000,0.08546512,1,0.00000000,0.08903948,-3
sort,3010544,0.00985437,7,0.02290554,0.000000,0.02290554,0,0.00000000,0.02149516,-1033796,0.00000000,0.49672960,-4
sort,3010544,0.00985437,8,0.38810896,0.000000,0.38810896,0,0.00000000,0.08980593,1,0.00000000,0.24346741,-5
sort,3010544,0.00985437,9,0.03596768,0.000000,0.03596768,0,0.00000000,0.02991892,1,0.01948293,0.33913278,-5
sort,3010544,0.00985437,10,0.35743493,0.000000,0.35743493,0,0.00000000,0.08109458,1,0.00653925,0.40644704,-6
sort,3010544,0.00985437,11,0.07286083,0.000000,0.07286083,0,0.00000000,0.02292151,-2147202894,0.00000000,0.17504046,-6
sort,3010544,0.00985437,12,0.29502228,0.000000,0.29502228,0,0.00000000,0.09286531,1,0.00653925,0.50784016,-7
sort,3010544,0.00985437,13,0.07438353,0.000000,0.07438353,0,0.00000000,0.03772556,-1,0.00000000,0.15846092,-8
sort,3010544,0.00985437,14,0.25611836,0.000000,0.25611836,0,0.00000000,0.08058515,1,0.00653925,0.42214953,-8
sort,3010544,0.00985437,15,0.09952932,0.000000,0.09952932,0,0.00000000,0.04660641,-1,0.00000000,0.31997842,-9
sort,3010544,0.00985437,16,0.21900012,0.000000,0.21900012,0,0.00000000,0.07799961,1,0.00653925,0.26177869,-9
sort,3010544,0.00985437,17,0.10183994,0.000000,0.10183994,0,0.00000000,0.04385942,-1,0.00000000,0.45521079,-10
sort,3010544,0.00985437,18,0.18356792,0.000000,0.18356792,0,0.00000000,0.07381301,1,0.00653925,0.11157206,-10
sort,3010544,0.00985437,19,0.11632386,0.000000,0.11632386,0,0.00000000,0.06286742,-1,0.00000000,0.47213977,-11
sort,3010544,0.00985437,20,0.14705413,0.000000,0.14705413,0,0.00000000,0.07377453,1,0.00653925,0.23445880,-12
sort,3010544,0.00985437,21,0.13139440,0.000000,0.13139440,0,0.00000000,0.05790354,-1,0.00000000,0.34628618,-12
sort,3010544,0.00985437,22,0.14444007,0.000000,0.14444007,0,0.00000000,0.09278856,1,0.00653925,0.38205431,-13
sort,3010544,0.00985437,23,0.14701304,0.000000,0.14701304,0,0.00000000,0.06360359,-1,0.00000000,0.19160707,-13
sort,3010544,0.00985437,24,0.14448135,0.000000,0.14448135,0,0.00000000,0.07919163,1,0.00653925,0.46543872,-14
sort,3010544,0.00985437,25,0.17465488,0.000000,0.17465488,0,0.00000000,0.06843203,-1,0.00000000,0.15781661,-15
sort,3010544,0.00985437,26,0.14548128,0.000000,0.14548128,0,0.00000000,0.08782807,1,0.00653925,0.41324517,-15
sort,3010544,0.00985437,27,0.19575037,0.000000,0.19575037,0,0.00000000,0.07239950,-1,0.00000000,0.30205803,-16
sort,3010544,0.00985437,28,0.15596928,0.000000,0.15596928,0,0.00000000,0.08544980,1,0.00653925,0.27416580,-16
sort,3010544,0.00985437,29,0.17999107,0.000000,0.17999107,0,0.00000000,0.07855398,-1,0.00000000,0.41861799,-17
sort,3010544,0.00985437,30,0.14312041,0.000000,0.14312041,0,0.00000000,0.08352195,1,0.00000000,0.13425785,-17
sort,3010544,0.00985437,31,0.16817062,0.000000,0.16817062,0,0.00000000,0.07297093,-1,0.00000000,0.44334593,-18
sort,3010544,0.00985437,32,0.16463512,0.000000,0.16463512,0,0.00000000,0.07093345,1,0.00000000,0.22328328,-19
tsort,3168430,0.03074961,1,0.30180878,6.558455,0.30180878,0,0.00000000,0.03951105,-1,0.21439422,0.24561980,1
tsort,3168430,0.03074961,2,0.29594802,0.008695,0.29594802,0,0.00000000,0.03309591,2146169050,0.00000000,0.00143699,417
tsort,3168430,0.03074961,3,0.16815152,0.004013,0.16815152,0,0.00000000,0.05574752,-1,0.00000000,0.00121119,418
tsort,3168430,0.03074961,4,0.14998236,0.264853,0.14998236,0,0.00000000,0.06880893,1,0.33047994,0.00094433,2
tsort,3168430,0.03074961,5,0.13706301,6.191272,0.13706301,0,0.00000000,0.06695375,-1,0.00000000,0.00131386,1
tsort,3168430,0.03074961,6,0.12672925,5.173327,0.12672925,0,0.00000000,0.07873062,1,0.00114957,0.00188869,2
tsort,3168430,0.03074961,7,0.10436482,2.767580,0.10436482,0,0.00000000,0.04793803,1,0.00002053,0.00205295,1
tsort,3168430,0.03074961,8,0.17184832,0.124401,0.17184832,0,0.00000000,0.05551849,1,0.00550150,0.00262780,2
tsort,3168430,0.03074961,9,0.18597965,0.002675,0.18597965,0,0.00000000,0.04888743,-1,0.00000000,0.00368511,1
tsort,3168430,0.03074961,10,0.09156930,5.638827,0.09156930,0,0.00000000,0.06048504,-1,0.00002053,0.00526597,2
tsort,3168430,0.03074961,11,0.17903687,16.511843,0.17903687,0,0.00000000,0.06315261,-1,0.00000000,0.00585113,1
tsort,3168430,0.03074961,12,0.05817477,5.626788,0.06359956,-1,0.00133432,0.06359956,-1,0.00133432,0.00797610,2
tsort,3168430,0.03074961,13,0.07699994,0.000000,0.07699994,0,0.00000000,0.06914681,-1,0.00096482,0.00817123,2
tsort,3168430,0.03074961,14,0.07679926,0.095641,0.07679926,0,0.00000000,0.05791474,-1,0.00000000,0.01055290,2
tsort,3168430,0.03074961,15,0.06851373,2.902013,0.06851373,0,0.00000000,0.05906800,-1,0.00000000,0.00818166,2
tsort,3168430,0.03074961,16,0.13763100,5.365279,0.13763100,0,0.00000000,0.05114483,1,0.00429035,0.00955734,2
tsort,3168430,0.03074961,17,0.09017445,4.186148,0.09017445,0,0.00000000,0.05301138,-1,0.00000000,0.00766854,2
tsort,3168430,0.03074961,18,0.05193516,2.203095,0.05193516,0,0.00000000,0.05075603,1,0.00000000,0.00706293,2
tsort,3168430,0.03074961,19,0.01952145,0.091628,0.04372222,1,0.00000000,0.04372222,1,0.00000000,0.00433225,3
tsort,3168430,0.03074961,20,0.05837881,0.000000,0.05837881,0,0.00000000,0.04053074,1,0.00006158,0.00414750,2
tsort,3168430,0.03074961,21,0.03024924,4.625563,0.03725465,1,0.00004106,0.03725465,1,0.00004106,0.00375743,3
tsort,3168430,0.03074961,22,0.16451038,13.643272,0.16451038,0,0.00000000,0.04230390,1,0.00135485,0.00357268,3
tsort,3168430,0.03074961,23,0.05261507,4.668368,0.05261507,0,0.00000000,0.03304309,1,0.00000000,0.00410657,3
tsort,3168430,0.03074961,24,0.11171864,0.000000,0.11171864,0,0.00000000,0.03720735,1,0.00322289,0.00401421,3
tsort,3168430,0.03074961,25,0.06096946,0.078252,0.06096946,0,0.00000000,0.04260691,1,0.00000000,0.00469185,3
tsort,3168430,0.03074961,26,0.02806334,2.273990,0.04590261,1,0.00006158,0.04590261,1,0.00006158,0.00482536,3
tsort,3168430,0.03074961,27,0.04742640,4.499825,0.04742640,0,0.00000000,0.04127693,1,0.00004106,0.00525662,3
tsort,3168430,0.03074961,28,0.05415159,3.241105,0.05415159,0,0.00000000,0.04273258,1,0.06421152,0.00520534,3
tsort,3168430,0.03074961,29,0.03478915,1.748297,0.03547277,1,0.00006158,0.03547277,1,0.00006158,0.00511299,4
tsort,3168430,0.03074961,30,0.05775028,0.074908,0.05775028,0,0.00000000,0.02995140,-1,0.00000000,0.00482556,4
tsort,3168430,0.03074961,31,0.07999369,0.005351,0.07999369,0,0.00000000,0.02785696,2146169050,0.00000000,0.00487695,4
tsort,3168430,0.03074961,32,0.09484920,3.569496,0.09484920,0,0.00000000,0.02416679,2147203820,0.00000000,0.00445604,4
awkhash,3429933,0.01635309,1,0.36483289,19.482970,0.36483289,0,0.00000000,0.05394859,-1,0.17450526,0.17158445,-1
awkhash,3429933,0.01635309,2,0.30963471,29.395514,0.30963471,0,0.00000000,0.06509109,1,0.01850597,0.02296391,1
awkhash,3429933,0.01635309,3,0.19092168,16.397302,0.19092168,0,0.00000000,0.06890578,-1,0.00128365,0.00340542,1
awkhash,3429933,0.01635309,4,0.17681235,26.866060,0.17681235,0,0.00000000,0.07332628,-1,0.00827242,0.00158685,1
awkhash,3429933,0.01635309,5,0.10852823,18.525045,0.10852823,0,0.00000000,0.06676233,-1,0.00755928,0.00115896,1
awkhash,3429933,0.01635309,6,0.14395171,22.932827,0.14395171,0,0.00000000,0.06118787,-1,0.00235336,0.00167606,1
awkhash,3429933,0.01635309,7,0.11695354,14.911855,0.11695354,0,0.00000000,0.05998264,1,0.00431449,0.00147995,1
awkhash,3429933,0.01635309,8,0.14015346,18.586846,0.14015346,0,0.00000000,0.06343169,-1,0.00217508,0.00205057,1
awkhash,3429933,0.01635309,9,0.09644529,12.219069,0.09644529,0,0.00000000,0.05972202,1,0.00032091,0.00190795,1
awkhash,3429933,0.01635309,10,0.13244783,15.479106,0.13244783,0,0.00000000,0.05686074,1,0.00003566,0.00189016,1
awkhash,3429933,0.01635309,11,0.10559774,10.027318,0.10559774,0,0.00000000,0.06020428,1,0.00000000,0.00215767,1
awkhash,3429933,0.01635309,12,0.10748524,12.395645,0.10748524,0,0.00000000,0.05665901,1,0.00010697,0.00228254,1
awkhash,3429933,0.01635309,13,0.07434459,7.828945,0.07434459,0,0.00000000,0.05760134,1,0.00459975,0.00222908,1
awkhash,3429933,0.01635309,14,0.10268928,9.749210,0.10268928,0,0.00000000,0.05539196,1,0.00413621,0.00230045,1
awkhash,3429933,0.01635309,15,0.08210342,6.504624,0.08210342,0,0.00000000,0.05640776,1,0.00085577,0.00222916,1
awkhash,3429933,0.01635309,16,0.06186154,8.122503,0.06186154,0,0.00000000,0.04793642,1,0.00024960,0.00185469,1
awkhash,3429933,0.01635309,17,0.07253880,5.065528,0.07253880,0,0.00000000,0.04574689,1,0.00089142,0.00205090,1
awkhash,3429933,0.01635309,18,0.07509630,6.467101,0.07509630,0,0.00000000,0.05637398,-1,0.00014263,0.00171208,1
awkhash,3429933,0.01635309,19,0.09200639,4.705754,0.09200639,0,0.00000000,0.05071497,-1,0.00000000,0.00176562,1
awkhash,3429933,0.01635309,20,0.10288246,5.308320,0.10288246,0,0.00000000,0.04491949,-1,0.00017828,0.00151596,1
awkhash,3429933,0.01635309,21,0.11154747,3.708099,0.11154747,0,0.00000000,0.04459298,1,0.00064183,0.00164084,1
awkhash,3429933,0.01635309,22,0.11198538,4.255485,0.11198538,0,0.00000000,0.04417548,-1,0.00010697,0.00164086,2
awkhash,3429933,0.01635309,23,0.09913321,3.213686,0.09913321,0,0.00000000,0.05166958,-1,0.00000000,0.00144470,1
awkhash,3429933,0.01635309,24,0.07740320,3.465307,0.07740320,0,0.00000000,0.05238097,-1,0.00007131,0.00139122,2
awkhash,3429933,0.01635309,25,0.09594543,2.750173,0.09594543,0,0.00000000,0.05193492,-1,0.00000000,0.00144475,1
awkhash,3429933,0.01635309,26,0.08368738,2.973101,0.08368738,0,0.00000000,0.04571901,-1,0.00007131,0.00155180,2
awkhash,3429933,0.01635309,27,0.07889312,2.357292,0.07889312,0,0.00000000,0.04918794,-1,0.00000000,0.00117725,1
awkhash,3429933,0.01635309,28,0.07724527,2.496345,0.07724527,0,0.00000000,0.04362335,-1,0.00007131,0.00140915,1
awkhash,3429933,0.01635309,29,0.08296909,2.074770,0.08296909,0,0.00000000,0.04256912,-1,0.00000000,0.00165891,1
awkhash,3429933,0.01635309,30,0.08761178,2.224859,0.08761178,0,0.00000000,0.04186473,-1,0.00003566,0.00139137,1
awkhash,3429933,0.01635309,31,0.07886173,1.721617,0.07886173,0,0.00000000,0.04966556,1,0.00082011,0.00137355,1
awkhash,3429933,0.01635309,32,0.08171954,1.714996,0.08171954,0,0.00000000,0.05343010,1,0.00021394,0.00139142,1
python,3553048,0.03012090,1,0.44120034,5.410258,0.44120034,0,0.00000000,0.05536430,1,0.19741920,0.21612783,1
python,3553048,0.03012090,2,0.32356857,4.204020,0.32356857,0,0.00000000,0.06725384,1,0.11408976,0.14363805,2
python,3553048,0.03012090,3,0.24693122,3.782854,0.24693122,0,0.00000000,0.07616676,1,0.13659002,0.12272702,3
python,3553048,0.03012090,4,0.20890482,5.896952,0.20890482,0,0.00000000,0.08694010,1,0.08609525,0.11194483,4
python,3553048,0.03012090,5,0.16422707,4.620095,0.16422707,0,0.00000000,0.08272400,1,0.11758440,0.09205166,5
python,3553048,0.03012090,6,0.15140097,4.816046,0.15140097,0,0.00000000,0.08285238,1,0.12627428,0.08429659,6
python,3553048,0.03012090,7,0.12573958,3.214090,0.12573958,0,0.00000000,0.07127414,1,0.07305108,0.08341899,7
python,3553048,0.03012090,8,0.14466598,4.064692,0.14466598,0,0.00000000,0.06945602,1,0.02805057,0.07644866,8
python,3553048,0.03012090,9,0.12902641,4.073598,0.12902641,0,0.00000000,0.06435503,1,0.07596640,0.06990805,9
python,3553048,0.03012090,10,0.13327637,4.354163,0.13327637,0,0.00000000,0.06224532,1,0.03909513,0.06487184,10
python,3553048,0.03012090,11,0.12424691,4.221197,0.12424691,0,0.00000000,0.05915951,1,0.08149802,0.06412485,11
python,3553048,0.03012090,12,0.12268325,4.894298,0.12268325,0,0.00000000,0.06295349,1,0.04197307,0.05875207,12
python,3553048,0.03012090,13,0.10829105,3.210909,0.10829105,0,0.00000000,0.05977142,1,0.04223470,0.05600516,13
python,3553048,0.03012090,14,0.11415596,3.035954,0.11415596,0,0.00000000,0.06183166,1,0.02698536,0.05298719,14
python,3553048,0.03012090,15,0.11712525,4.120041,0.11712525,0,0.00000000,0.06261409,1,0.05043870,0.05050184,15
python,3553048,0.03012090,16,0.11835131,4.471224,0.11835131,0,0.00000000,0.06502109,1,0.02479887,0.04885753,16
python,3553048,0.03012090,17,0.10774629,2.701948,0.10774629,0,0.00000000,0.06008108,1,0.04044066,0.04722253,17
python,3553048,0.03012090,18,0.10605596,3.695695,0.10605596,0,0.00000000,0.05985145,1,0.02534082,0.04532583,18
python,3553048,0.03012090,19,0.10189331,3.343875,0.10189331,0,0.00000000,0.05501164,1,0.03905776,0.04369077,19
python,3553048,0.03012090,20,0.11252824,4.132765,0.11252824,0,0.00000000,0.05632829,1,0.02057540,0.04222390,20
python,3553048,0.03012090,21,0.09870116,3.800032,0.09870116,0,0.00000000,0.05256080,1,0.04427168,0.04086916,21
python,3553048,0.03012090,22,0.10164969,3.349601,0.10164969,0,0.00000000,0.04927912,1,0.02242551,0.03955177,22
python,3553048,0.03012090,23,0.09487012,2.718489,0.09487012,0,0.00000000,0.04854735,1,0.03888956,0.03843062,23
python,3553048,0.03012090,24,0.09797682,5.022811,0.09797682,0,0.00000000,0.05036104,1,0.02027639,0.03740292,24
python,3553048,0.03012090,25,0.08488094,3.352782,0.08488094,0,0.00000000,0.05066895,1,0.03845974,0.03644061,25
python,3553048,0.03012090,26,0.08652522,3.163891,0.08652522,0,0.00000000,0.05082434,1,0.01517459,0.03572130,26
python,3553048,0.03012090,27,0.08357224,3.375750,0.08357224,0,0.00000000,0.05195014,1,0.03702077,0.03492719,27
python,3553048,0.03012090,28,0.08708535,3.414559,0.08708535,0,0.00000000,0.05348183,1,0.01652012,0.03428262,28
python,3553048,0.03012090,29,0.08301445,2.838786,0.08301445,0,0.00000000,0.05290767,1,0.03705815,0.03374084,29
python,3553048,0.03012090,30,0.09712757,3.540529,0.09712757,0,0.00000000,0.05283902,1,0.01818335,0.03304016,30
python,3553048,0.03012090,31,0.08876285,3.419013,0.08876285,0,0.00000000,0.05185282,1,0.03789910,0.03255444,31
python,3553048,0.03012090,32,0.09731507,3.655048,0.09731507,0,0.00000000,0.05186805,1,0.01549229,0.03206872,32
